URL,Primary keyword,Target intent,Title,Meta description,Canonical,Structured data,Outgoing internal links,Rendered word count,Content updated,Status
https://vidrial.vercel.app/blog/add-captions-to-youtube-shorts-automatically,captions youtube shorts,informational-commercial,How to Add Captions to YouTube Shorts Automatically | Vidrial,"A practical guide to YouTube automatic captions, uploaded caption tracks, and burned-in captions, including the accuracy and timing checks each method needs.",https://vidrial.vercel.app/blog/add-captions-to-youtube-shorts-automatically,Organization | WebSite | BlogPosting | BreadcrumbList,30,2391,2026-07-31,Published; editorial PASS; HTTP 200; indexable
https://vidrial.vercel.app/blog/ai-video-clipping-vs-manual-editing,ai vs manual video editing,informational-commercial,AI Video Clipping vs Manual Video Editing: When to Use Each | Vidrial,"A practical decision guide for choosing AI clipping, manual editing, or a hybrid workflow based on context, risk, repetition, and creative control.",https://vidrial.vercel.app/blog/ai-video-clipping-vs-manual-editing,Organization | WebSite | BlogPosting | BreadcrumbList,29,2283,2026-07-31,Published; editorial PASS; HTTP 200; indexable
https://vidrial.vercel.app/blog/ai-video-editing-for-beginners,ai video editing beginners,informational,AI Video Editing for Beginners: From Raw Footage to Published Clips | Vidrial,"A beginner-friendly AI video editing workflow that explains transcripts, timelines, captions, framing, export, and the checks needed before publishing.",https://vidrial.vercel.app/blog/ai-video-editing-for-beginners,Organization | WebSite | BlogPosting | BreadcrumbList,29,2434,2026-07-31,Published; editorial PASS; HTTP 200; indexable
https://vidrial.vercel.app/blog/clip-podcasts-for-youtube-shorts,podcast to youtube shorts,informational-commercial,How to Clip Podcasts for YouTube Shorts | Vidrial,"Find self-contained podcast moments, edit them for vertical viewing, handle multiple speakers, and connect each Short to the full episode.",https://vidrial.vercel.app/blog/clip-podcasts-for-youtube-shorts,Organization | WebSite | BlogPosting | BreadcrumbList,29,2471,2026-07-31,Published; editorial PASS; HTTP 200; indexable
https://vidrial.vercel.app/blog/how-ai-finds-video-highlights,ai highlight detection,informational,How AI Finds the Best Moments in a Long Video | Vidrial,"See how AI highlight detection segments a video, combines transcript, audio, and visual signals, ranks candidate moments, and where human review is still needed.",https://vidrial.vercel.app/blog/how-ai-finds-video-highlights,Organization | WebSite | BlogPosting | BreadcrumbList,29,2594,2026-07-31,Published; editorial PASS; HTTP 200; indexable
https://vidrial.vercel.app/blog/how-many-shorts-from-one-long-video,long video into clips,informational-commercial,How Many Shorts Can You Make From One Long Video? | Vidrial,"Estimate how many publishable shorts a long video can support using idea density, context, visual fit, production capacity, and a practical yield audit.",https://vidrial.vercel.app/blog/how-many-shorts-from-one-long-video,Organization | WebSite | BlogPosting | BreadcrumbList,30,2251,2026-07-31,Published; editorial PASS; HTTP 200; indexable
https://vidrial.vercel.app/blog/how-to-turn-a-youtube-video-into-shorts,youtube video to shorts,informational-commercial,How to Turn a YouTube Video Into Shorts | Vidrial,"Choose the right YouTube-to-Shorts route, select a complete moment, fix vertical framing and captions, and upload an authorised clip without losing context.",https://vidrial.vercel.app/blog/how-to-turn-a-youtube-video-into-shorts,Organization | WebSite | BlogPosting | BreadcrumbList,30,2353,2026-07-31,Published; editorial PASS; HTTP 200; indexable
https://vidrial.vercel.app/blog/how-to-turn-long-videos-into-shorts-with-ai,long video to shorts,informational-commercial,How to Turn Long Videos Into Shorts With AI | Vidrial,"A review-first workflow for finding complete moments, fixing clip boundaries, reframing, correcting captions, and exporting Shorts from authorised long videos.",https://vidrial.vercel.app/blog/how-to-turn-long-videos-into-shorts-with-ai,Organization | WebSite | BlogPosting | BreadcrumbList,30,2467,2026-07-31,Published; editorial PASS; HTTP 200; indexable
https://vidrial.vercel.app/blog/how-to-write-youtube-shorts-hooks,youtube shorts hooks,informational-commercial,How to Write a Strong Hook for YouTube Shorts | Vidrial,"Write YouTube Shorts hooks that make the topic, tension, and payoff clear, then diagnose weak openings with the right Studio analytics.",https://vidrial.vercel.app/blog/how-to-write-youtube-shorts-hooks,Organization | WebSite | BlogPosting | BreadcrumbList,30,2458,2026-07-31,Published; editorial PASS; HTTP 200; indexable
https://vidrial.vercel.app/blog/long-form-to-short-form-video-workflow,video repurposing workflow,informational-commercial,The Complete Long-Form to Short-Form Video Workflow | Vidrial,"A start-to-finish video repurposing workflow for choosing source material, accepting strong clips, editing for vertical viewing, publishing, and learning from results.",https://vidrial.vercel.app/blog/long-form-to-short-form-video-workflow,Organization | WebSite | BlogPosting | BreadcrumbList,29,2565,2026-07-31,Published; editorial PASS; HTTP 200; indexable
https://vidrial.vercel.app/blog/make-youtube-shorts-from-long-videos-automatically,long youtube video to shorts,informational-commercial,How to Make YouTube Shorts From Long Videos Automatically | Vidrial,"A review-first workflow for turning authorised long YouTube videos into Shorts with native tools or AI, without losing context, framing, or caption accuracy.",https://vidrial.vercel.app/blog/make-youtube-shorts-from-long-videos-automatically,Organization | WebSite | BlogPosting | BreadcrumbList,30,2544,2026-07-31,Published; editorial PASS; HTTP 200; indexable
https://vidrial.vercel.app/blog/reframe-landscape-youtube-videos-into-vertical-shorts,convert 16:9 to 9:16,informational-commercial,How to Reframe Landscape YouTube Videos Into 9:16 Shorts | Vidrial,"Convert 16:9 video to 9:16 without cropping away speakers, screen details, or action. Choose the right framing treatment shot by shot.",https://vidrial.vercel.app/blog/reframe-landscape-youtube-videos-into-vertical-shorts,Organization | WebSite | BlogPosting | BreadcrumbList,31,2347,2026-07-31,Published; editorial PASS; HTTP 200; indexable
https://vidrial.vercel.app/blog/repurpose-one-video-into-a-week-of-content,content repurposing,informational-commercial,How to Repurpose One Video Into a Week of Content | Vidrial,"Turn one authorised video into a useful seven-day content plan with distinct jobs, channel-aware adaptations, an evidence map, and a practical review board.",https://vidrial.vercel.app/blog/repurpose-one-video-into-a-week-of-content,Organization | WebSite | BlogPosting | BreadcrumbList,31,2254,2026-07-31,Published; editorial PASS; HTTP 200; indexable
https://vidrial.vercel.app/blog/what-is-an-ai-video-clipper,ai video clipper,informational-commercial,What Is an AI Video Clipper? Complete Guide for 2026 | Vidrial,"Learn what an AI video clipper does, where automatic clip selection works, where it fails, and how to judge whether a tool will save real editing time.",https://vidrial.vercel.app/blog/what-is-an-ai-video-clipper,Organization | WebSite | BlogPosting | BreadcrumbList,29,2230,2026-07-31,Published; editorial PASS; HTTP 200; indexable
https://vidrial.vercel.app/blog/youtube-shorts-posting-frequency,youtube shorts posting frequency,informational,How Often Should You Post YouTube Shorts in 2026? | Vidrial,"Choose a YouTube Shorts posting frequency you can sustain, then use a four-week test to decide whether to publish more or protect quality.",https://vidrial.vercel.app/blog/youtube-shorts-posting-frequency,Organization | WebSite | BlogPosting | BreadcrumbList,29,2178,2026-07-31,Published; editorial PASS; HTTP 200; indexable
https://vidrial.vercel.app/blog/youtube-shorts-seo,youtube shorts seo,informational-commercial,"YouTube Shorts SEO: Titles, Descriptions, Keywords and Hashtags | Vidrial","Build accurate YouTube Shorts metadata that matches a real search query, then make the opening and video deliver the same promise.",https://vidrial.vercel.app/blog/youtube-shorts-seo,Organization | WebSite | BlogPosting | BreadcrumbList,29,2244,2026-07-31,Published; editorial PASS; HTTP 200; indexable
https://vidrial.vercel.app/blog/youtube-shorts-size-length-resolution-aspect-ratio,youtube shorts dimensions,informational,"YouTube Shorts Size, Length, Resolution and Aspect Ratio Guide 2026 | Vidrial","Use the current YouTube Shorts dimensions, length, aspect-ratio and export settings—and separate actual classification rules from practical recommendations.",https://vidrial.vercel.app/blog/youtube-shorts-size-length-resolution-aspect-ratio,Organization | WebSite | BlogPosting | BreadcrumbList,30,2517,2026-07-31,Published; editorial PASS; HTTP 200; indexable
https://vidrial.vercel.app/blog/youtube-shorts-vs-long-form-video,shorts vs long form,informational-commercial,YouTube Shorts vs Long-Form Video: How to Use Both Together | Vidrial,"Give YouTube Shorts and long-form videos different jobs, align them around one audience problem, and measure whether viewers move between them.",https://vidrial.vercel.app/blog/youtube-shorts-vs-long-form-video,Organization | WebSite | BlogPosting | BreadcrumbList,29,2259,2026-07-31,Published; editorial PASS; HTTP 200; indexable
